title,url,subreddit,id,created_utc
ROOT trading below cash per share while being profitable. Total cash and investments is $862m market cap is $827m! Hilarious! Oversold AF,https://www.reddit.com/r/wallstreetbets/comments/1d056wp/root_trading_below_cash_per_share_while_being/,wallstreetbets,1d056wp,1716616264000
Ninety odd percent down. ETRGF üíéüôå,https://www.reddit.com/r/wallstreetbets/comments/1d051aa/ninety_odd_percent_down_etrgf/,wallstreetbets,1d051aa,1716615644000
ULTA primed for large swing?,https://i.redd.it/2pfy1xh0ei2d1.jpeg,wallstreetbets,1d04wbr,1716615094000
Germany property trough worsens as foreign investors scale back,https://www.reuters.com/markets/europe/germany-property-trough-worsens-foreign-investors-scale-back-2024-05-21/,wallstreetbets,1d04t40,1716614728000
Possible $NCNC Sleeper stock play ,https://i.redd.it/a02ggk1ubi2d1.jpeg,wallstreetbets,1d04pqb,1716614362000
"No More Magnificent 7, Call Nvidia -  THE ONE!",https://i.redd.it/cafvcogiai2d1.png,StockMarket,1d04lsi,1716613926000
Apple Who? Meet Your New King Nvidia,https://i.redd.it/hnxmi8ed9i2d1.png,StockMarket,1d04id3,1716613559000
Anyone catch this unicorn ü¶Ñ,https://i.redd.it/l4yz31xy8i2d1.jpeg,wallstreetbets,1d04gz6,1716613398000
"Volkswagen Down 59%, Loses $50 Billion in Market Cap, Profits less than half of 2012: Why Is Volkswagen Losing the Car Market Race?",https://www.arktrek.shop/post/volkswagen-down-59-loses-50-billion-in-market-cap-sales-less-than-half-than-2012-why-is-volkswa,StockMarket,1d048jy,1716612533000
I just liked building computers. NVDA üöÄ,https://i.redd.it/z6a61gg13i2d1.jpeg,wallstreetbets,1d03xsx,1716611403000
18 years old: Should I start with roth ira or a normal investing account?,https://www.reddit.com/r/investing/comments/1d03rje/18_years_old_should_i_start_with_roth_ira_or_a/,investing,1d03rje,1716610758000
What would you do with 100k from a lawsuit. ,https://www.reddit.com/r/investing/comments/1d03mkc/what_would_you_do_with_100k_from_a_lawsuit/,investing,1d03mkc,1716610240000
Dell‚Äôs Future in the upcoming week!,https://www.reddit.com/r/investing/comments/1d02wie/dells_future_in_the_upcoming_week/,investing,1d02wie,1716607669000
GameStop surges after fetching $933 million from stock sale,https://www.yahoo.com/tech/gamestop-shares-surge-completing-market-203247853.html,StockMarket,1d02ppc,1716607008000
great way to give organs to people in need and boost productivity of organs,https://www.reddit.com/r/investing/comments/1d02j0y/great_way_to_give_organs_to_people_in_need_and/,investing,1d02j0y,1716606371000
Companies people love to hate on? Like PLTR and TSLA?,https://www.reddit.com/r/investing/comments/1d02d8p/companies_people_love_to_hate_on_like_pltr_and/,investing,1d02d8p,1716605821000
NVDA Leaps Part II,https://i.redd.it/zqxcuflehh2d1.jpeg,wallstreetbets,1d01vje,1716604128000
What caused the US stock market to out-perform stock markets in most other countries?,https://www.reddit.com/r/investing/comments/1d01u2i/what_caused_the_us_stock_market_to_outperform/,investing,1d01u2i,1716603992000
From $30k to $184k. Thank you NVDAüôåüèº (Position in comments),https://i.redd.it/w6z7nqomdh2d1.jpeg,wallstreetbets,1d01i0b,1716602858000
Where are the Dell gain porn at?,https://www.reddit.com/r/wallstreetbets/comments/1d01cwf/where_are_the_dell_gain_porn_at/,wallstreetbets,1d01cwf,1716602408000
"Which tickers to YOLO in? PHAT CUK, PHAT AZZ, PHAT PP, or PHAT BBC?",https://i.redd.it/a2b0zbj4ah2d1.jpeg,wallstreetbets,1d015d6,1716601685000
Any places offer a technology etf in a 529?,https://www.reddit.com/r/investing/comments/1d012uy/any_places_offer_a_technology_etf_in_a_529/,investing,1d012uy,1716601455000
What is a simple investing tool that you wish existed/was easier to use?,https://www.reddit.com/r/investing/comments/1d011mo/what_is_a_simple_investing_tool_that_you_wish/,investing,1d011mo,1716601341000
How you know NVDA mini rally before the long weekend is driven by the R's and it's a great short at Tuesday open... 69 baby,https://i.redd.it/qzmhjtcg7h2d1.png,wallstreetbets,1d00whb,1716600861000
$SG Sweet Gains does't disappoint,https://i.redd.it/n8tsxklrwg2d1.png,wallstreetbets,1czzsfu,1716597274000
Should have diamond hand my FSLR call,https://i.redd.it/286cf510wg2d1.png,wallstreetbets,1czzoir,1716596934000
Covered calls,https://www.reddit.com/r/stocks/comments/1czzgxz/covered_calls/,stocks,1czzgxz,1716596270000
$SPY gap Tuesday,https://www.reddit.com/r/wallstreetbets/comments/1czzeyf/spy_gap_tuesday/,wallstreetbets,1czzeyf,1716596099000
Should I invest into solar stocks?,https://www.reddit.com/r/investing/comments/1czz9kd/should_i_invest_into_solar_stocks/,investing,1czz9kd,1716595640000
BA blast off,https://i.redd.it/oxdbd7girg2d1.jpeg,wallstreetbets,1czz6xq,1716595421000
Which politician would you copy trade and why?,https://www.reddit.com/r/Trading/comments/1czytpb/which_politician_would_you_copy_trade_and_why/,Trading,1czytpb,1716594365000
WS still napping on energy,https://www.reddit.com/r/wallstreetbets/comments/1czyffj/ws_still_napping_on_energy/,wallstreetbets,1czyffj,1716593248000
OTLY settlement - Question about eligibility,https://www.reddit.com/r/investing/comments/1czybct/otly_settlement_question_about_eligibility/,investing,1czybct,1716592927000
Does your broker allow Trailing Stop Loss (%) orders for options?,https://www.reddit.com/r/investing/comments/1czxz7y/does_your_broker_allow_trailing_stop_loss_orders/,investing,1czxz7y,1716591959000
Dell develops new AI computer with Nvidia!,https://i.redd.it/ktq5b3ndgg2d1.jpeg,wallstreetbets,1czxvj5,1716591676000
NVIDIA moves,https://i.redd.it/0stp98icdg2d1.jpeg,wallstreetbets,1czxi5n,1716590655000
ICCT ,https://www.reddit.com/r/Trading/comments/1czx45m/icct/,Trading,1czx45m,1716589549000
$PFE: Second US Human Bird Flu Infection Reported in Michigan,https://www.reddit.com/r/wallstreetbets/comments/1czx1hg/pfe_second_us_human_bird_flu_infection_reported/,wallstreetbets,1czx1hg,1716589345000
"Friday's Markets Update (May 24, 2024)",https://www.reddit.com/r/Trading/comments/1czwrra/fridays_markets_update_may_24_2024/,Trading,1czwrra,1716588604000
Capitalizing on Opportunity: Swing Trade Thesis for Duolingo (DUOL) Post-Price Fall,https://www.reddit.com/r/wallstreetbets/comments/1czwoss/capitalizing_on_opportunity_swing_trade_thesis/,wallstreetbets,1czwoss,1716588379000
"Another day, lucky Green Day again. No big bets, just chilling after yesterday‚Äôs all-in mind-torture bet üßò‚Äç‚ôÇÔ∏è",https://v.redd.it/1dut1vkf2g2d1,wallstreetbets,1czw5tb,1716586986000
Ow.,https://i.redd.it/jtt2q14xxf2d1.jpeg,wallstreetbets,1czvlma,1716585468000
Squirrel gain porn ü•π,https://i.redd.it/vn9an9fkwf2d1.jpeg,wallstreetbets,1czvfor,1716585026000
Nvda Put yolo,https://i.redd.it/ljvc251ovf2d1.jpeg,wallstreetbets,1czvbg0,1716584711000
RRSP Daytrading Preferences ,https://www.reddit.com/r/Trading/comments/1czv3ed/rrsp_daytrading_preferences/,Trading,1czv3ed,1716584135000
our lawd and savior nvdia,https://i.redd.it/ax0ebq8osf2d1.jpeg,wallstreetbets,1czuxka,1716583703000
Anyone know what a cuda is?,https://i.imgur.com/U4DIL8H.jpeg,wallstreetbets,1czupu0,1716583131000
Am I a regard for using all my margin on NVDA,https://i.redd.it/sjeajzfxpf2d1.jpeg,wallstreetbets,1czul36,1716582780000
Tesla: 14th June//56B $ payday,https://i.redd.it/j7q6luhpof2d1.jpeg,wallstreetbets,1czuflj,1716582371000
I/O Fund's Kindig: Nvidia to Become $10T Company,https://www.bloomberg.com/news/videos/2024-05-23/i-o-fund-s-kindig-nvidia-to-become-10t-company-video,wallstreetbets,1czu23o,1716581387000
Which one of you regards bought my 0dte RIVN calls 5 seconds before the bell rang?,https://i.redd.it/mooncflqkf2d1.jpeg,wallstreetbets,1cztx4y,1716581035000
"NVDA Gainz $200k+, max margin, concentrated position ",https://i.redd.it/uqg7o7dmkf2d1.jpeg,wallstreetbets,1cztwn7,1716580998000
Eli Lilly stock split??,https://www.reddit.com/r/stocks/comments/1cztw5m/eli_lilly_stock_split/,stocks,1cztw5m,1716580967000
"Weekend Discussion Thread for May 24, 2024",https://www.reddit.com/r/wallstreetbets/comments/1czttjf/weekend_discussion_thread_for_may_24_2024/,wallstreetbets,1czttjf,1716580807000
Anybody tried buying SPXL + using Margin?,https://www.reddit.com/r/investing/comments/1cztthc/anybody_tried_buying_spxl_using_margin/,investing,1cztthc,1716580804000
Are the s&p 500 and world etf's like IWDA overpriced?,https://www.reddit.com/r/stocks/comments/1cztnq0/are_the_sp_500_and_world_etfs_like_iwda_overpriced/,stocks,1cztnq0,1716580399000
"Boeing, NASA say Starliner astronaut launch will move forward despite spacecraft helium leak",https://www.reddit.com/r/wallstreetbets/comments/1cztmqr/boeing_nasa_say_starliner_astronaut_launch_will/,wallstreetbets,1cztmqr,1716580330000
Nvidia specifically but semiconductors in general is a BUBBLE bigger than possibly any before.,https://www.reddit.com/r/wallstreetbets/comments/1cztjeb/nvidia_specifically_but_semiconductors_in_general/,wallstreetbets,1cztjeb,1716580088000
I almost died today,https://v.redd.it/zd5ykghbgf2d1,wallstreetbets,1cztbzh,1716579552000
Rv / boat storage investment,https://www.reddit.com/r/investing/comments/1czsz11/rv_boat_storage_investment/,investing,1czsz11,1716578616000
Loss with NIO Call Position,https://i.redd.it/n7t0nabw9f2d1.png,wallstreetbets,1czshqs,1716577389000
Double dipped Coin Calls this week 11k profit twice,https://i.redd.it/51mz2jbs9f2d1.jpeg,wallstreetbets,1czsh70,1716577352000
"Say it with me ""0dte qqq calls only"" (don't ask all time üò°)",https://i.redd.it/syjv617d6f2d1.png,wallstreetbets,1czs12i,1716576202000
What are your thoughts on the Schwab Starter Kit?,https://www.reddit.com/r/investing/comments/1czrk03/what_are_your_thoughts_on_the_schwab_starter_kit/,investing,1czrk03,1716574981000
Nvidia has the best reputation of any U.S. company. Apple is number 9 - CNBC,https://www.cnbc.com/2024/05/24/nvidia-has-best-reputation-of-us-companies-2024-axios-harris-poll.html,wallstreetbets,1czqzxg,1716573581000
Political Climate and SPY,https://i.redd.it/mw1mv1gkwe2d1.jpeg,wallstreetbets,1czqqlt,1716572906000
PLUG and FCEL,https://www.reddit.com/r/stocks/comments/1czqok7/plug_and_fcel/,stocks,1czqok7,1716572761000
Sentiments about Dell‚Äôs Earnings Report and its Impact.,https://www.reddit.com/r/stocks/comments/1czqggb/sentiments_about_dells_earnings_report_and_its/,stocks,1czqggb,1716572180000
Short-mid term investments ,https://www.reddit.com/r/investing/comments/1czqc9r/shortmid_term_investments/,investing,1czqc9r,1716571887000
Quick question ,https://www.reddit.com/r/Trading/comments/1czqa4o/quick_question/,Trading,1czqa4o,1716571731000
It‚Äôs time to call bullshit ,https://i.redd.it/1la4kowome2d1.jpeg,wallstreetbets,1czpfce,1716569585000
Curious on Energy Stocks,https://www.reddit.com/r/stocks/comments/1czpbsb/curious_on_energy_stocks/,stocks,1czpbsb,1716569329000
Leverage for QLD,https://www.reddit.com/r/Trading/comments/1czp88n/leverage_for_qld/,Trading,1czp88n,1716569080000
Eat mor $CAVA,https://i.redd.it/9x0fv6r7ie2d1.jpeg,wallstreetbets,1czou25,1716568079000
What do layoffs after an earnings call mean?,https://www.reddit.com/r/stocks/comments/1czor2x/what_do_layoffs_after_an_earnings_call_mean/,stocks,1czor2x,1716567866000
What percentage of your portfolio are hand-picked stocks vs ETF?,https://www.reddit.com/r/investing/comments/1czoq1y/what_percentage_of_your_portfolio_are_handpicked/,investing,1czoq1y,1716567794000
Rolling Traditional IRA and company 401k,https://www.reddit.com/r/investing/comments/1czolhg/rolling_traditional_ira_and_company_401k/,investing,1czolhg,1716567469000
PYPL (PayPal YOLO),https://i.redd.it/9msnhuudge2d1.jpeg,StockMarket,1czoleo,1716567464000
How long until Intel becomes a meme stock?,https://i.redd.it/46zl9lwofe2d1.png,wallstreetbets,1czoivs,1716567281000
Portfolio Help,https://www.reddit.com/gallery/1czofr4,StockMarket,1czofr4,1716567048000
Do you see a growing preference for Airbus Over Boeing among travelers? ,https://www.reddit.com/r/stocks/comments/1czofgp/do_you_see_a_growing_preference_for_airbus_over/,stocks,1czofgp,1716567027000
Finally got a win,https://i.redd.it/c5nfq010fe2d1.jpeg,wallstreetbets,1czof0a,1716566998000
$RYCEY Rolls Royce update 1,https://i.redd.it/9cccwmy1de2d1.jpeg,wallstreetbets,1czo5nt,1716566343000
Good time to invest money? ,https://www.reddit.com/r/StockMarket/comments/1czo1j0/good_time_to_invest_money/,StockMarket,1czo1j0,1716566052000
Time to quit‚Ä¶ goodbye wallstreet bets,https://i.redd.it/fwughqa8be2d1.jpeg,wallstreetbets,1cznx2k,1716565730000
Jack in the box,https://i.redd.it/bqjb5dt29e2d1.jpeg,wallstreetbets,1cznn3x,1716565007000
Get a hold of your $AVOcado sized balls and let's fly to the moon together ü•ë,https://www.reddit.com/r/wallstreetbets/comments/1cznbv2/get_a_hold_of_your_avocado_sized_balls_and_lets/,wallstreetbets,1cznbv2,1716564188000
COST ER dilemma.,https://www.reddit.com/r/wallstreetbets/comments/1czn8wg/cost_er_dilemma/,wallstreetbets,1czn8wg,1716563983000
If you‚Äôre thinking about getting into options don‚Äôt,https://i.redd.it/wzweht7b3e2d1.jpeg,wallstreetbets,1czmwcg,1716563067000
Compounders portfolio vs SPY ETF ,https://www.reddit.com/r/investing/comments/1czmrdp/compounders_portfolio_vs_spy_etf/,investing,1czmrdp,1716562724000
Boeing to hit negative cash flow in 2024,https://www.reddit.com/r/wallstreetbets/comments/1czmqg0/boeing_to_hit_negative_cash_flow_in_2024/,wallstreetbets,1czmqg0,1716562651000
COKE Dutch Auction,https://www.reddit.com/r/stocks/comments/1czmmy5/coke_dutch_auction/,stocks,1czmmy5,1716562391000
0dte dell calls up 200%,https://i.redd.it/ahkpe8ffzd2d1.jpeg,wallstreetbets,1czmegs,1716561761000
Chipotle's stock is about to get wild,https://www.reddit.com/r/wallstreetbets/comments/1czmarn/chipotles_stock_is_about_to_get_wild/,wallstreetbets,1czmarn,1716561491000
Investments focused on empty commercial real estate? ,https://www.reddit.com/r/investing/comments/1czm8rm/investments_focused_on_empty_commercial_real/,investing,1czm8rm,1716561343000
These are the stocks on my watchlist (5/24),https://www.reddit.com/r/stocks/comments/1czm4gs/these_are_the_stocks_on_my_watchlist_524/,stocks,1czm4gs,1716561031000
These are the stocks on my watchlist (5/24),https://www.reddit.com/r/Trading/comments/1czm3yt/these_are_the_stocks_on_my_watchlist_524/,Trading,1czm3yt,1716561000000
These are the stocks on my watchlist (5/24),https://www.reddit.com/r/StockMarket/comments/1czm3ud/these_are_the_stocks_on_my_watchlist_524/,StockMarket,1czm3ud,1716560990000
A question about SIRI and its tracking stock merger,https://www.reddit.com/r/stocks/comments/1czm2n0/a_question_about_siri_and_its_tracking_stock/,stocks,1czm2n0,1716560905000
PortfolioVisualizer.com going to subscription model‚Ä¶ alternates?,https://www.reddit.com/r/investing/comments/1czlukd/portfoliovisualizercom_going_to_subscription/,investing,1czlukd,1716560315000
